voltage, time
0.23463,0
0.227,0.0095885
0.22925,0.019177
0.2255,0.028765
0.227,0.038354
0.22375,0.047942
0.22537,0.057531
0.222,0.067119
0.22725,0.076708
0.22325,0.086296
0.22987,0.095885
0.22362,0.10547
0.21788,0.11506
0.22225,0.12465
0.22375,0.13424
0.22475,0.14383
0.21962,0.15342
0.21887,0.163
0.22287,0.17259
0.21438,0.18218
0.21962,0.19177
0.21788,0.20136
0.22025,0.21095
0.2135,0.22054
0.21863,0.23012
0.21663,0.23971
0.216,0.2493
0.2145,0.25889
0.21038,0.26848
0.21438,0.27807
0.21513,0.28765
0.21663,0.29724
0.21625,0.30683
0.20475,0.31642
0.21238,0.32601
0.2115,0.3356
0.21263,0.34519
0.20913,0.35477
0.21213,0.36436
0.21138,0.37395
0.214,0.38354
0.22937,0.39313
0.23362,0.40272
0.23,0.41231
0.23075,0.42189
0.21838,0.43148
0.21937,0.44107
0.20413,0.45066
0.28837,0.46025
0.29475,0.46984
0.29487,0.47942
0.29625,0.48901
0.29712,0.4986
0.294,0.50819
0.29563,0.51778
0.29387,0.52737
0.29575,0.53696
0.2895,0.54654
0.2915,0.55613
0.291,0.56572
0.29225,0.57531
0.29275,0.5849
0.29537,0.59449
0.28637,0.60408
0.29113,0.61366
0.29575,0.62325
0.28763,0.63284
0.296,0.64243
0.29525,0.65202
0.291,0.66161
0.29525,0.67119
0.29287,0.68078
0.29513,0.69037
0.29375,0.69996
0.29537,0.70955
0.29063,0.71914
0.2955,0.72873
0.28887,0.73831
0.29387,0.7479
0.29287,0.75749
0.29925,0.76708
0.28725,0.77667
0.29675,0.78626
0.28913,0.79584
0.29213,0.80543
0.29337,0.81502
0.29625,0.82461
0.2955,0.8342
0.29275,0.84379
0.29237,0.85338
0.29688,0.86296
0.29025,0.87255
0.2955,0.88214
0.29137,0.89173
0.29712,0.90132
0.293,0.91091
0.29225,0.9205
0.295,0.93008
0.2975,0.93967
0.289,0.94926
0.29725,0.95885
0.29275,0.96844
0.2955,0.97803
0.29287,0.98761
0.28975,0.9972
0.29812,1.0068
0.29175,1.0164
0.295,1.026
0.29337,1.0356
0.29263,1.0451
0.29788,1.0547
0.29487,1.0643
0.29,1.0739
0.29425,1.0835
0.2955,1.0931
0.29213,1.1027
0.293,1.1123
0.29513,1.1219
0.29788,1.1314
0.28963,1.141
0.29812,1.1506
0.292,1.1602
0.294,1.1698
0.293,1.1794
0.29163,1.189
0.29337,1.1986
0.2955,1.2082
0.29175,1.2177
0.2975,1.2273
0.294,1.2369
0.296,1.2465
0.29387,1.2561
0.29563,1.2657
0.29125,1.2753
0.2945,1.2849
0.29125,1.2944
0.29363,1.304
0.29113,1.3136
0.2925,1.3232
0.29113,1.3328
0.29313,1.3424
0.29163,1.352
0.29337,1.3616
0.29125,1.3712
0.29287,1.3807
0.29175,1.3903
0.29313,1.3999
0.29137,1.4095
0.2935,1.4191
0.29175,1.4287
0.293,1.4383
0.29163,1.4479
0.29337,1.4575
0.29125,1.467
0.29313,1.4766
0.29187,1.4862
0.29313,1.4958
0.29163,1.5054
0.29375,1.515
0.29163,1.5246
0.2935,1.5342
0.29137,1.5437
0.293,1.5533
0.2915,1.5629
0.293,1.5725
0.29175,1.5821
0.29363,1.5917
0.29175,1.6013
0.29387,1.6109
0.29163,1.6205
0.29287,1.63
0.29137,1.6396
0.29325,1.6492
0.29125,1.6588
0.2935,1.6684
0.29063,1.678
0.2925,1.6876
0.29325,1.6972
0.29812,1.7068
0.29413,1.7163
0.29663,1.7259
0.29525,1.7355
0.2965,1.7451
0.294,1.7547
0.29563,1.7643
0.293,1.7739
0.29537,1.7835
0.29363,1.793
0.2955,1.8026
0.2935,1.8122
0.29563,1.8218
0.294,1.8314
0.29663,1.841
0.29437,1.8506
0.29712,1.8602
0.29437,1.8698
0.29725,1.8793
0.29487,1.8889
0.29775,1.8985
0.295,1.9081
0.29712,1.9177
0.2955,1.9273
0.29762,1.9369
0.29513,1.9465
0.29725,1.9561
0.29525,1.9656
0.2985,1.9752
0.29563,1.9848
0.29888,1.9944
0.29587,2.004
0.2975,2.0136
0.296,2.0232
0.29825,2.0328
0.296,2.0423
0.2985,2.0519
0.29637,2.0615
0.29862,2.0711
0.29625,2.0807
0.29888,2.0903
0.29625,2.0999
0.2985,2.1095
0.29637,2.1191
0.30012,2.1286
0.2965,2.1382
0.29838,2.1478
0.29663,2.1574
0.29925,2.167
0.29663,2.1766
0.298,2.1862
0.29513,2.1958
0.29287,2.2054
0.29125,2.2149
0.29413,2.2245
0.29163,2.2341
0.29363,2.2437
0.292,2.2533
0.2945,2.2629
0.29187,2.2725
0.29387,2.2821
0.29263,2.2917
0.29525,2.3012
0.29213,2.3108
0.29463,2.3204
0.29425,2.33
0.29875,2.3396
0.29275,2.3492
0.29463,2.3588
0.29337,2.3684
0.29463,2.3779
0.29387,2.3875
0.29475,2.3971
0.29313,2.4067
0.29525,2.4163
0.294,2.4259
0.29575,2.4355
0.29287,2.4451
0.29437,2.4547
0.29275,2.4642
0.29463,2.4738
0.29313,2.4834
0.2955,2.493
0.29325,2.5026
0.295,2.5122
0.29363,2.5218
0.29513,2.5314
0.29313,2.541
0.296,2.5505
0.29337,2.5601
0.2955,2.5697
0.29375,2.5793
0.29613,2.5889
0.2935,2.5985
0.29575,2.6081
0.2935,2.6177
0.2955,2.6272
0.29363,2.6368
0.2965,2.6464
0.29363,2.656
0.29675,2.6656
0.29387,2.6752
0.29587,2.6848
0.29463,2.6944
0.29675,2.704
0.296,2.7135
0.298,2.7231
0.29387,2.7327
0.29413,2.7423
0.29287,2.7519
0.29587,2.7615
0.2935,2.7711
0.29587,2.7807
0.2935,2.7903
0.29625,2.7998
0.29325,2.8094
0.29587,2.819
0.29363,2.8286
0.29513,2.8382
0.29337,2.8478
0.29613,2.8574
0.29337,2.867
0.29563,2.8765
0.29287,2.8861
0.29537,2.8957
0.2935,2.9053
0.296,2.9149
0.29325,2.9245
0.297,2.9341
0.29363,2.9437
0.298,2.9533
0.29363,2.9628
0.29688,2.9724
0.29387,2.982
0.29712,2.9916
0.297,3.0012
0.29938,3.0108
0.296,3.0204
0.29875,3.03
0.29625,3.0396
0.29775,3.0491
0.29613,3.0587
0.2975,3.0683
0.29563,3.0779
0.29812,3.0875
0.2965,3.0971
0.2995,3.1067
0.2965,3.1163
0.29888,3.1258
0.29663,3.1354
0.30012,3.145
0.29675,3.1546
0.2995,3.1642
0.29738,3.1738
0.29938,3.1834
0.29712,3.193
0.29975,3.2026
0.297,3.2121
0.30025,3.2217
0.297,3.2313
0.30075,3.2409
0.29788,3.2505
0.2995,3.2601
0.29762,3.2697
0.3005,3.2793
0.29812,3.2889
0.30088,3.2984
0.29788,3.308
0.3025,3.3176
0.29788,3.3272
0.30312,3.3368
0.29838,3.3464
0.30238,3.356
0.29875,3.3656
0.3015,3.3751
0.298,3.3847
0.30062,3.3943
0.29788,3.4039
0.301,3.4135
0.29812,3.4231
0.30162,3.4327
0.29888,3.4423
0.30162,3.4519
0.29825,3.4614
0.3025,3.471
0.29825,3.4806
0.30388,3.4902
0.29825,3.4998
0.30112,3.5094
0.29888,3.519
0.30212,3.5286
0.30012,3.5382
0.30175,3.5477
0.29888,3.5573
0.3015,3.5669
0.29912,3.5765
0.30075,3.5861
0.29875,3.5957
0.30125,3.6053
0.29912,3.6149
0.303,3.6245
0.29962,3.634
0.30288,3.6436
0.3,3.6532
0.3035,3.6628
0.29988,3.6724
0.30338,3.682
0.30012,3.6916
0.30288,3.7012
0.30238,3.7107
0.30088,3.7203
0.30012,3.7299
0.3025,3.7395
0.3005,3.7491
0.30162,3.7587
0.3015,3.7683
0.30338,3.7779
0.30062,3.7875
0.30462,3.797
0.30162,3.8066
0.3045,3.8162
0.3005,3.8258
0.3035,3.8354
0.30062,3.845
0.30225,3.8546
0.30075,3.8642
0.305,3.8738
0.30075,3.8833
0.303,3.8929
0.30175,3.9025
0.30512,3.9121
0.30138,3.9217
0.30362,3.9313
0.30138,3.9409
0.305,3.9505
0.30125,3.96
0.30338,3.9696
0.3015,3.9792
0.30462,3.9888
0.30138,3.9984
0.30488,4.008
0.30138,4.0176
0.30662,4.0272
0.30162,4.0368
0.30625,4.0463
0.30188,4.0559
0.30388,4.0655
0.3025,4.0751
0.30438,4.0847
0.3025,4.0943
0.30412,4.1039
0.303,4.1135
0.30475,4.1231
0.30238,4.1326
0.307,4.1422
0.30288,4.1518
0.307,4.1614
0.30262,4.171
0.3045,4.1806
0.3025,4.1902
0.30512,4.1998
0.30425,4.2093
0.3055,4.2189
0.30275,4.2285
0.30488,4.2381
0.30288,4.2477
0.3065,4.2573
0.30262,4.2669
0.30438,4.2765
0.30488,4.2861
0.306,4.2956
0.30375,4.3052
0.30625,4.3148
0.30238,4.3244
0.30688,4.334
0.30325,4.3436
0.30775,4.3532
0.30462,4.3628
0.30738,4.3724
0.304,4.3819
0.3055,4.3915
0.30375,4.4011
0.30712,4.4107
0.30412,4.4203
0.3075,4.4299
0.30512,4.4395
0.30762,4.4491
0.30538,4.4586
0.30612,4.4682
0.30525,4.4778
0.30525,4.4874
0.304,4.497
0.30562,4.5066
0.30538,4.5162
0.30562,4.5258
0.30475,4.5354
0.3075,4.5449
0.30438,4.5545
0.30862,4.5641
0.30475,4.5737
0.31,4.5833
0.30575,4.5929
0.3065,4.6025
0.30812,4.6121
0.30662,4.6217
0.30512,4.6312
0.30988,4.6408
0.30488,4.6504
0.31112,4.66
0.30475,4.6696
0.30688,4.6792
0.30562,4.6888
0.3115,4.6984
0.30575,4.708
0.30788,4.7175
0.30638,4.7271
0.30788,4.7367
0.30612,4.7463
0.30588,4.7559
0.306,4.7655
0.30975,4.7751
0.30538,4.7847
0.30725,4.7942
0.30525,4.8038
0.30762,4.8134
0.307,4.823
0.30725,4.8326
0.30538,4.8422
0.30838,4.8518
0.30562,4.8614
0.3095,4.871
0.30625,4.8805
0.31088,4.8901
0.304,4.8997
0.31,4.9093
0.30475,4.9189
0.30575,4.9285
0.30312,4.9381
0.30375,4.9477
0.59437,4.9573
0.29063,4.9668
0.22087,4.9764
0.27075,4.986
0.19487,4.9956
0.19325,5.0052
0.1895,5.0148
0.19137,5.0244
0.26125,5.034
0.23162,5.0435
0.20087,5.0531
0.20363,5.0627
0.2405,5.0723
0.31275,5.0819
0.21725,5.0915
0.22362,5.1011
0.20725,5.1107
0.20813,5.1203
0.20688,5.1298
0.20925,5.1394
0.20675,5.149
0.2045,5.1586
0.19812,5.1682
0.1985,5.1778
0.19825,5.1874
0.19937,5.197
0.19825,5.2066
0.20125,5.2161
0.199,5.2257
0.20212,5.2353
0.19862,5.2449
0.20025,5.2545
0.19875,5.2641
0.2005,5.2737
0.19937,5.2833
0.20125,5.2928
0.19987,5.3024
0.20175,5.312
0.19937,5.3216
0.20225,5.3312
0.20087,5.3408
0.2025,5.3504
0.20125,5.36
0.20287,5.3696
0.20112,5.3791
0.203,5.3887
0.20212,5.3983
0.20413,5.4079
0.2025,5.4175
0.20463,5.4271
0.204,5.4367
0.2045,5.4463
0.2015,5.4559
0.205,5.4654
0.20325,5.475
0.207,5.4846
0.20388,5.4942
0.20713,5.5038
0.20375,5.5134
0.20675,5.523
0.20425,5.5326
0.20825,5.5421
0.20488,5.5517
0.20775,5.5613
0.20488,5.5709
0.2085,5.5805
0.20688,5.5901
0.20813,5.5997
0.2065,5.6093
0.20975,5.6189
0.20675,5.6284
0.20863,5.638
0.2085,5.6476
0.20738,5.6572
0.20688,5.6668
0.20938,5.6764
0.20763,5.686
0.21113,5.6956
0.20738,5.7052
0.21025,5.7147
0.21038,5.7243
0.21025,5.7339
0.20863,5.7435
0.2125,5.7531
0.20963,5.7627
0.21025,5.7723
0.20938,5.7819
0.21313,5.7915
0.20888,5.801
0.21388,5.8106
0.21,5.8202
0.21138,5.8298
0.21063,5.8394
0.214,5.849
0.21075,5.8586
0.21175,5.8682
0.21188,5.8777
0.2135,5.8873
0.21125,5.8969
0.21438,5.9065
0.2115,5.9161
0.21325,5.9257
0.21113,5.9353
0.21438,5.9449
0.21338,5.9545
0.21388,5.964
0.21363,5.9736
0.21538,5.9832
0.21288,5.9928
0.2155,6.0024
0.21325,6.012
0.21675,6.0216
0.21363,6.0312
0.21663,6.0408
0.21588,6.0503
0.21688,6.0599
0.21575,6.0695
0.2165,6.0791
0.21488,6.0887
0.21788,6.0983
0.2155,6.1079
0.218,6.1175
0.216,6.127
0.21775,6.1366
0.215,6.1462
0.21738,6.1558
0.2165,6.1654
0.2195,6.175
0.21663,6.1846
0.21775,6.1942
0.21675,6.2038
0.21788,6.2133
0.21513,6.2229
0.22012,6.2325
0.21763,6.2421
0.21912,6.2517
0.21987,6.2613
0.21825,6.2709
0.21775,6.2805
0.22012,6.2901
0.2195,6.2996
0.21925,6.3092
0.21887,6.3188
0.221,6.3284
0.21825,6.338
0.22325,6.3476
0.21937,6.3572
0.22112,6.3668
0.21962,6.3763
0.221,6.3859
0.21937,6.3955
0.22337,6.4051
0.21925,6.4147
0.22175,6.4243
0.22262,6.4339
0.222,6.4435
0.22175,6.4531
0.22362,6.4626
0.22025,6.4722
0.22362,6.4818
0.222,6.4914
0.22337,6.501
0.22287,6.5106
0.22475,6.5202
0.2215,6.5298
0.223,6.5394
0.22212,6.5489
0.22375,6.5585
0.22437,6.5681
0.22587,6.5777
0.22412,6.5873
0.22475,6.5969
0.224,6.6065
0.22412,6.6161
0.22362,6.6256
0.2285,6.6352
0.223,6.6448
0.2295,6.6544
0.22612,6.664
0.22825,6.6736
0.2265,6.6832
0.22537,6.6928
0.22475,6.7024
0.22712,6.7119
0.22387,6.7215
0.226,6.7311
0.22812,6.7407
0.22762,6.7503
0.22712,6.7599
0.22775,6.7695
0.22625,6.7791
0.2275,6.7887
0.22725,6.7982
0.23075,6.8078
0.22512,6.8174
0.231,6.827
0.22525,6.8366
0.227,6.8462
0.22837,6.8558
0.2275,6.8654
0.22687,6.875
0.23087,6.8845
0.22825,6.8941
0.23125,6.9037
0.23,6.9133
0.23075,6.9229
0.22625,6.9325
0.22925,6.9421
0.23025,6.9517
0.23075,6.9612
0.228,6.9708
0.23488,6.9804
0.22687,6.99
0.23275,6.9996
0.23062,7.0092
0.23125,7.0188
0.22937,7.0284
0.23337,7.038
0.23125,7.0475
0.23187,7.0571
0.2295,7.0667
0.23225,7.0763
0.22925,7.0859
0.23463,7.0955
0.23337,7.1051
0.23387,7.1147
0.2285,7.1243
0.23488,7.1338
0.232,7.1434
0.236,7.153
0.2315,7.1626
0.233,7.1722
0.23187,7.1818
0.23387,7.1914
0.231,7.201
0.23663,7.2105
0.23087,7.2201
0.23438,7.2297
0.23175,7.2393
0.23813,7.2489
0.23275,7.2585
0.23863,7.2681
0.23237,7.2777
0.23613,7.2873
0.23375,7.2968
0.23825,7.3064
0.23,7.316
0.23488,7.3256
0.23025,7.3352
0.23988,7.3448
0.23475,7.3544
0.2365,7.364
0.23575,7.3736
0.23825,7.3831
0.23325,7.3927
0.2365,7.4023
0.23475,7.4119
0.236,7.4215
0.23663,7.4311
0.23688,7.4407
0.23575,7.4503
0.24188,7.4598
0.23563,7.4694
0.2365,7.479
0.23488,7.4886
0.2375,7.4982
0.23775,7.5078
0.24125,7.5174
0.23463,7.527
0.238,7.5366
0.23225,7.5461
0.2375,7.5557
0.23688,7.5653
0.24075,7.5749
0.23725,7.5845
0.24125,7.5941
0.23412,7.6037
0.24038,7.6133
0.23763,7.6229
0.2425,7.6324
0.23963,7.642
0.24075,7.6516
0.23738,7.6612
0.24275,7.6708
0.23813,7.6804
0.24288,7.69
0.236,7.6996
0.24375,7.7091
0.2385,7.7187
0.242,7.7283
0.23963,7.7379
0.243,7.7475
0.23925,7.7571
0.24575,7.7667
0.2375,7.7763
0.24425,7.7859
0.23838,7.7954
0.24363,7.805
0.23888,7.8146
0.24363,7.8242
0.23875,7.8338
0.24438,7.8434
0.23763,7.853
0.24475,7.8626
0.23713,7.8722
0.24213,7.8817
0.24075,7.8913
0.2445,7.9009
0.24,7.9105
0.246,7.9201
0.23963,7.9297
0.24375,7.9393
0.24188,7.9489
0.24663,7.9584
0.23888,7.968
0.24513,7.9776
0.24563,7.9872
0.2525,7.9968
0.24413,8.0064
0.25088,8.016
0.24125,8.0256
0.24975,8.0352
0.243,8.0447
0.24963,8.0543
0.243,8.0639
0.25038,8.0735
0.24363,8.0831
0.24763,8.0927
0.24438,8.1023
0.24988,8.1119
0.24563,8.1215
0.24788,8.131
0.24613,8.1406
0.25162,8.1502
0.24588,8.1598
0.25162,8.1694
0.24375,8.179
0.25338,8.1886
0.24613,8.1982
0.25112,8.2078
0.24375,8.2173
0.25262,8.2269
0.2465,8.2365
0.24988,8.2461
0.24763,8.2557
0.25288,8.2653
0.24738,8.2749
0.255,8.2845
0.24788,8.294
0.25088,8.3036
0.24825,8.3132
0.25062,8.3228
0.25062,8.3324
0.25388,8.342
0.24975,8.3516
0.25312,8.3612
0.2505,8.3708
0.25475,8.3803
0.2475,8.3899
0.25725,8.3995
0.25112,8.4091
0.25512,8.4187
0.25325,8.4283
0.25825,8.4379
0.25875,8.4475
0.263,8.4571
0.26388,8.4666
0.27075,8.4762
0.27113,8.4858
0.27875,8.4954
0.278,8.505
0.28687,8.5146
0.28463,8.5242
0.29,8.5338
0.29013,8.5433
0.29337,8.5529
0.30025,8.5625
0.29113,8.5721
0.29313,8.5817
0.29663,8.5913
0.29187,8.6009
0.29825,8.6105
0.29437,8.6201
0.298,8.6296
0.289,8.6392
0.29325,8.6488
0.29513,8.6584
0.29337,8.668
0.28563,8.6776
0.29387,8.6872
0.289,8.6968
0.29675,8.7064
0.29163,8.7159
0.29475,8.7255
0.294,8.7351
0.29825,8.7447
0.28987,8.7543
0.29387,8.7639
0.29163,8.7735
0.294,8.7831
0.2895,8.7926
0.29063,8.8022
0.28763,8.8118
0.28475,8.8214
0.28287,8.831
0.28637,8.8406
0.28287,8.8502
0.28725,8.8598
0.27837,8.8694
0.2855,8.8789
0.27737,8.8885
0.28075,8.8981
0.27825,8.9077
0.28037,8.9173
0.27363,8.9269
0.28037,8.9365
0.27837,8.9461
0.27813,8.9557
0.27963,8.9652
0.27637,8.9748
0.29113,8.9844
0.28313,8.994
0.28813,9.0036
0.291,9.0132
0.28563,9.0228
0.29225,9.0324
0.29125,9.0419
0.29925,9.0515
0.2955,9.0611
0.29225,9.0707
0.28937,9.0803
0.2895,9.0899
0.28637,9.0995
0.29812,9.1091
0.29363,9.1187
0.28913,9.1282
0.28663,9.1378
0.28925,9.1474
0.28325,9.157
0.28613,9.1666
0.28637,9.1762
0.29037,9.1858
0.2855,9.1954
0.28863,9.205
0.28575,9.2145
0.28825,9.2241
0.29063,9.2337
0.29037,9.2433
0.28337,9.2529
0.28625,9.2625
0.28575,9.2721
0.28587,9.2817
0.28475,9.2913
0.28337,9.3008
0.28263,9.3104
0.2815,9.32
0.28213,9.3296
0.28225,9.3392
0.27875,9.3488
0.28087,9.3584
0.2775,9.368
0.27637,9.3775
0.27675,9.3871
0.27713,9.3967
0.2785,9.4063
0.27463,9.4159
0.27675,9.4255
0.2785,9.4351
0.27763,9.4447
0.278,9.4543
0.27525,9.4638
0.28025,9.4734
0.27913,9.483
0.28263,9.4926
0.28563,9.5022
0.28863,9.5118
0.28587,9.5214
0.28613,9.531
0.28363,9.5406
0.2875,9.5501
0.28675,9.5597
0.28637,9.5693
0.28025,9.5789
0.28587,9.5885
0.27875,9.5981
0.281,9.6077
0.27963,9.6173
0.2825,9.6268
0.27925,9.6364
0.2785,9.646
0.28037,9.6556
0.28025,9.6652
0.27675,9.6748
0.27925,9.6844
0.27563,9.694
0.27437,9.7036
0.26937,9.7131
0.27225,9.7227
0.27225,9.7323
0.27213,9.7419
0.27175,9.7515
0.27813,9.7611
0.27113,9.7707
0.27225,9.7803
0.26937,9.7899
0.27413,9.7994
0.27025,9.809
0.27,9.8186
0.26763,9.8282
0.2705,9.8378
0.26625,9.8474
0.269,9.857
0.2715,9.8666
0.27213,9.8761
0.26837,9.8857
0.2705,9.8953
0.26725,9.9049
0.26913,9.9145
0.26625,9.9241
0.26925,9.9337
0.26863,9.9433
0.268,9.9529
0.26512,9.9624
0.26913,9.972
0.26825,9.9816
0.27025,9.9912
0.26887,10.001
0.27213,10.01
0.267,10.02
0.26637,10.03
0.26787,10.039
0.2695,10.049
0.26813,10.058
0.26512,10.068
0.2625,10.078
0.26637,10.087
0.26925,10.097
0.27125,10.106
0.27275,10.116
0.2675,10.125
0.26325,10.135
0.26625,10.145
0.26663,10.154
0.26913,10.164
0.2705,10.173
0.27013,10.183
0.26863,10.193
0.26488,10.202
0.263,10.212
0.27025,10.221
0.26663,10.231
0.271,10.241
0.27025,10.25
0.27013,10.26
0.26837,10.269
0.26875,10.279
0.27137,10.288
0.28713,10.298
0.30612,10.308
0.31712,10.317
0.31875,10.327
0.31462,10.336
0.30725,10.346
0.30738,10.356
0.31012,10.365
0.31,10.375
0.307,10.384
0.30588,10.394
0.3035,10.404
0.30188,10.413
0.29862,10.423
0.30312,10.432
0.30188,10.442
0.30175,10.451
0.30225,10.461
0.29988,10.471
0.29437,10.48
0.30275,10.49
0.29988,10.499
0.29875,10.509
0.29762,10.519
0.29575,10.528
0.292,10.538
0.29463,10.547
0.29,10.557
0.28963,10.567
0.2895,10.576
0.29163,10.586
0.289,10.595
0.28837,10.605
0.28513,10.614
0.29075,10.624
0.28563,10.634
0.28913,10.643
0.2875,10.653
0.28525,10.662
0.28587,10.672
0.28337,10.682
0.28175,10.691
0.28937,10.701
0.28425,10.71
0.27663,10.72
0.2815,10.73
0.277,10.739
0.27825,10.749
0.28363,10.758
0.28325,10.768
0.27713,10.777
0.28225,10.787
0.27613,10.797
0.27475,10.806
0.28213,10.816
0.2805,10.825
0.2815,10.835
0.27875,10.845
0.28137,10.854
0.28487,10.864
0.28225,10.873
0.283,10.883
0.27875,10.893
0.27987,10.902
0.27687,10.912
0.2815,10.921
0.27563,10.931
0.2755,10.94
0.28137,10.95
0.27975,10.96
0.27875,10.969
0.282,10.979
0.27863,10.988
0.28113,10.998
0.28275,11.008
0.27575,11.017
0.27875,11.027
0.274,11.036
0.28,11.046
0.28,11.056
0.27475,11.065
0.27837,11.075
0.27887,11.084
0.28163,11.094
0.2825,11.103
0.2815,11.113
0.27937,11.123
0.297,11.132
0.303,11.142
0.30512,11.151
0.3115,11.161
0.30562,11.171
0.31288,11.18
0.30875,11.19
0.30612,11.199
0.30625,11.209
0.31238,11.219
0.31325,11.228
0.30688,11.238
0.31125,11.247
0.3075,11.257
0.30875,11.266
0.31175,11.276
0.30725,11.286
0.31438,11.295
0.30775,11.305
0.30312,11.314
0.30625,11.324
0.30338,11.334
0.30662,11.343
0.30612,11.353
0.30412,11.362
0.30088,11.372
0.306,11.382
0.30062,11.391
0.29938,11.401
0.301,11.41
0.29663,11.42
0.30488,11.429
0.29925,11.439
0.294,11.449
0.2945,11.458
0.29225,11.468
0.29838,11.477
0.29738,11.487
0.29313,11.497
0.296,11.506
0.29175,11.516
0.29663,11.525
0.2955,11.535
0.29637,11.545
0.29263,11.554
0.29738,11.564
0.29237,11.573
0.29613,11.583
0.29375,11.592
0.29437,11.602
0.28975,11.612
0.29663,11.621
0.2925,11.631
0.28925,11.64
0.292,11.65
0.28875,11.66
0.29437,11.669
0.291,11.679
0.2905,11.688
0.28813,11.698
0.29375,11.708
0.28987,11.717
0.29225,11.727
0.2915,11.736
0.29325,11.746
0.28875,11.755
0.28775,11.765
0.29525,11.775
0.2935,11.784
0.288,11.794
0.29,11.803
0.2935,11.813
0.28963,11.823
0.29,11.832
0.28687,11.842
0.29025,11.851
0.29337,11.861
0.2915,11.871
0.292,11.88
0.287,11.89
0.29175,11.899
0.2935,11.909
0.29263,11.918
0.2925,11.928
0.29037,11.938
0.29063,11.947
0.29337,11.957
0.29325,11.966
0.28763,11.976
0.29287,11.986
0.28825,11.995
0.2945,12.005
0.29425,12.014
0.29287,12.024
0.28987,12.034
0.29,12.043
0.29137,12.053
0.29287,12.062
0.29237,12.072
0.293,12.082
0.28575,12.091
0.29363,12.101
0.29125,12.11
0.2935,12.12
0.2885,12.129
0.28937,12.139
0.28637,12.149
0.29663,12.158
0.29,12.168
0.29313,12.177
0.28763,12.187
0.291,12.197
0.29075,12.206
0.29213,12.216
0.2865,12.225
0.2885,12.235
0.28963,12.245
0.29225,12.254
0.29163,12.264
0.2925,12.273
0.28963,12.283
0.29063,12.292
0.29087,12.302
0.28625,12.312
0.29063,12.321
0.28863,12.331
0.2875,12.34
0.28513,12.35
0.29812,12.36
0.29788,12.369
0.30888,12.379
0.3055,12.388
0.3255,12.398
0.33737,12.408
0.33213,12.417
0.34463,12.427
0.39387,12.436
0.39937,12.446
0.38475,12.455
0.3785,12.465
0.37612,12.475
0.37088,12.484
0.37275,12.494
0.371,12.503
0.36862,12.513
0.36275,12.523
0.3585,12.532
0.35313,12.542
0.357,12.551
0.35763,12.561
0.3735,12.571
0.38288,12.58
0.38375,12.59
0.38338,12.599
0.38362,12.609
0.37562,12.618
0.3815,12.628
0.38125,12.638
0.37775,12.647
0.372,12.657
0.37612,12.666
0.37238,12.676
0.3775,12.686
0.38012,12.695
0.37562,12.705
0.38375,12.714
0.38212,12.724
0.39012,12.734
0.39163,12.743
0.39213,12.753
0.39537,12.762
0.39263,12.772
0.392,12.781
0.39313,12.791
0.393,12.801
0.39087,12.81
0.38938,12.82
0.38262,12.829
0.38288,12.839
0.38288,12.849
0.377,12.858
0.38175,12.868
0.381,12.877
0.37938,12.887
0.373,12.897
0.3775,12.906
0.37762,12.916
0.3755,12.925
0.37288,12.935
0.36888,12.944
0.36962,12.954
0.37062,12.964
0.36825,12.973
0.36825,12.983
0.36575,12.992
0.36525,13.002
0.36062,13.012
0.3625,13.021
0.36375,13.031
0.36012,13.04
0.362,13.05
0.35938,13.06
0.367,13.069
0.366,13.079
0.36838,13.088
0.36588,13.098
0.3625,13.107
0.36662,13.117
0.36538,13.127
0.37275,13.136
0.373,13.146
0.38062,13.155
0.37062,13.165
0.37912,13.175
0.37775,13.184
0.37688,13.194
0.37962,13.203
0.37175,13.213
0.38475,13.223
0.38462,13.232
0.38775,13.242
0.39325,13.251
0.4315,13.261
0.42875,13.27
0.42512,13.28
0.42412,13.29
0.42262,13.299
0.415,13.309
0.4115,13.318
0.41125,13.328
0.41213,13.338
0.40613,13.347
0.41025,13.357
0.40875,13.366
0.40325,13.376
0.40387,13.386
0.412,13.395
0.40775,13.405
0.40513,13.414
0.4055,13.424
0.40663,13.433
0.40787,13.443
0.40563,13.453
0.40237,13.462
0.40425,13.472
0.405,13.481
0.40263,13.491
0.40287,13.501
0.40387,13.51
0.40025,13.52
0.39425,13.529
0.4045,13.539
0.39837,13.549
0.39387,13.558
0.4015,13.568
0.40125,13.577
0.40037,13.587
0.39863,13.596
0.40163,13.606
0.4005,13.616
0.398,13.625
0.40125,13.635
0.39163,13.644
0.39325,13.654
0.40025,13.664
0.39363,13.673
0.3965,13.683
0.39875,13.692
0.397,13.702
0.39487,13.712
0.393,13.721
0.39475,13.731
0.3975,13.74
0.39925,13.75
0.37938,13.759
0.38025,13.769
0.38462,13.779
0.383,13.788
0.379,13.798
0.38038,13.807
0.392,13.817
0.38862,13.827
0.3895,13.836
0.39075,13.846
0.38688,13.855
0.39287,13.865
0.39287,13.875
0.39113,13.884
0.3935,13.894
0.39513,13.903
0.39437,13.913
0.39113,13.922
0.38425,13.932
0.38975,13.942
0.387,13.951
0.385,13.961
0.3835,13.97
0.38675,13.98
0.38288,13.99
0.38862,13.999
0.3805,14.009
0.38512,14.018
0.37788,14.028
0.37812,14.038
0.3705,14.047
0.37475,14.057
0.37288,14.066
0.374,14.076
0.37412,14.085
0.37425,14.095
0.37525,14.105
0.37562,14.114
0.37588,14.124
0.378,14.133
0.37088,14.143
0.36975,14.153
0.37338,14.162
0.37362,14.172
0.36812,14.181
0.3755,14.191
0.377,14.201
0.3695,14.21
0.37425,14.22
0.37312,14.229
0.37012,14.239
0.38212,14.249
0.36962,14.258
0.37212,14.268
0.37788,14.277
0.37125,14.287
0.37238,14.296
0.37425,14.306
0.3725,14.316
0.37012,14.325
0.37238,14.335
0.374,14.344
0.36625,14.354
0.36812,14.364
0.3755,14.373
0.36975,14.383
0.37238,14.392
0.37262,14.402
0.37212,14.412
0.3715,14.421
0.367,14.431
0.37088,14.44
0.366,14.45
0.36975,14.459
0.37475,14.469
0.36788,14.479
0.37075,14.488
0.36438,14.498
0.36475,14.507
0.36662,14.517
0.37075,14.527
0.36938,14.536
0.3705,14.546
0.369,14.555
0.36625,14.565
0.369,14.575
0.37088,14.584
0.3695,14.594
0.374,14.603
0.36762,14.613
0.37062,14.622
0.3705,14.632
0.36925,14.642
0.37062,14.651
0.37275,14.661
0.36975,14.67
0.3675,14.68
0.36838,14.69
0.37,14.699
0.36975,14.709
0.36738,14.718
0.36788,14.728
0.36525,14.738
0.36925,14.747
0.36575,14.757
0.36975,14.766
0.366,14.776
0.36975,14.785
0.36575,14.795
0.36612,14.805
0.369,14.814
0.366,14.824
0.3635,14.833
0.36938,14.843
0.36962,14.853
0.37112,14.862
0.36938,14.872
0.36988,14.881
0.36312,14.891
0.37012,14.901
0.36725,14.91
0.36738,14.92
0.37012,14.929
0.36888,14.939
0.3685,14.948
0.37012,14.958
0.36925,14.968
0.368,14.977
0.36912,14.987
0.3695,14.996
0.37325,15.006
0.36662,15.016
0.37112,15.025
0.37075,15.035
0.36888,15.044
0.37088,15.054
0.37362,15.064
0.36938,15.073
0.37038,15.083
0.37075,15.092
0.36575,15.102
0.36738,15.111
0.36325,15.121
0.3645,15.131
0.3725,15.14
0.36975,15.15
0.37225,15.159
0.37075,15.169
0.3725,15.179
0.367,15.188
0.37062,15.198
0.37,15.207
0.3695,15.217
0.36675,15.227
0.37062,15.236
0.36788,15.246
0.36338,15.255
0.373,15.265
0.37275,15.274
0.37,15.284
0.36912,15.294
0.36962,15.303
0.371,15.313
0.369,15.322
0.36775,15.332
0.36688,15.342
0.3615,15.351
0.36688,15.361
0.36425,15.37
0.36925,15.38
0.363,15.39
0.36362,15.399
0.36662,15.409
0.36738,15.418
0.36662,15.428
0.369,15.437
0.37,15.447
0.36525,15.457
0.36712,15.466
0.365,15.476
0.36688,15.485
0.36662,15.495
0.37062,15.505
0.36675,15.514
0.361,15.524
0.36475,15.533
0.3675,15.543
0.36712,15.553
0.37088,15.562
0.36575,15.572
0.36062,15.581
0.36675,15.591
0.36362,15.6
0.36662,15.61
0.36725,15.62
0.366,15.629
0.35962,15.639
0.36425,15.648
0.36662,15.658
0.35988,15.668
0.36525,15.677
0.36662,15.687
0.36175,15.696
0.36462,15.706
0.36712,15.716
0.36338,15.725
0.36238,15.735
0.36438,15.744
0.36212,15.754
0.36975,15.763
0.35975,15.773
0.36525,15.783
0.36162,15.792
0.36175,15.802
0.36438,15.811
0.36462,15.821
0.36688,15.831
0.35875,15.84
0.36175,15.85
0.36588,15.859
0.366,15.869
0.3675,15.879
0.36625,15.888
0.36838,15.898
0.36025,15.907
0.37038,15.917
0.36725,15.926
0.367,15.936
0.36362,15.946
0.36588,15.955
0.36162,15.965
0.36675,15.974
0.36862,15.984
0.36762,15.994
0.3615,16.003
0.363,16.013
0.3705,16.022
0.36675,16.032
0.36088,16.042
0.3685,16.051
0.36675,16.061
0.36738,16.07
0.36338,16.08
0.36888,16.089
0.36438,16.099
0.36862,16.109
0.36912,16.118
0.36562,16.128
0.36512,16.137
0.36988,16.147
0.37112,16.157
0.36488,16.166
0.36238,16.176
0.3675,16.185
0.37088,16.195
0.364,16.205
0.36788,16.214
0.36838,16.224
0.37138,16.233
0.3665,16.243
0.36175,16.252
0.36862,16.262
0.3695,16.272
0.36438,16.281
0.36725,16.291
0.37038,16.3
0.37188,16.31
0.367,16.32
0.37112,16.329
0.36788,16.339
0.36988,16.348
0.36462,16.358
0.37175,16.368
0.36825,16.377
0.362,16.387
0.36962,16.396
0.37062,16.406
0.3675,16.416
0.36875,16.425
0.3655,16.435
0.37062,16.444
0.36675,16.454
0.364,16.463
0.36875,16.473
0.37062,16.483
0.3675,16.492
0.35975,16.502
0.36638,16.511
0.37025,16.521
0.36588,16.531
0.36912,16.54
0.365,16.55
0.36075,16.559
0.36188,16.569
0.3705,16.579
0.3635,16.588
0.37175,16.598
0.36762,16.607
0.37,16.617
0.36438,16.626
0.36625,16.636
0.364,16.646
0.3685,16.655
0.3645,16.665
0.36788,16.674
0.36638,16.684
0.36912,16.694
0.358,16.703
0.35837,16.713
0.362,16.722
0.36012,16.732
0.36238,16.742
0.36038,16.751
0.37112,16.761
0.3665,16.77
0.36662,16.78
0.36825,16.789
0.36088,16.799
0.36962,16.809
0.36575,16.818
0.36925,16.828
0.36288,16.837
0.36388,16.847
0.36662,16.857
0.362,16.866
0.36838,16.876
0.36362,16.885
0.3645,16.895
0.36388,16.905
0.35763,16.914
0.361,16.924
0.36112,16.933
0.36388,16.943
0.35938,16.952
0.3575,16.962
0.35863,16.972
0.35537,16.981
0.35825,16.991
0.36188,17
0.35988,17.01
0.35413,17.02
0.3565,17.029
0.35975,17.039
0.36275,17.048
0.3575,17.058
0.36062,17.068
0.359,17.077
0.36162,17.087
0.36288,17.096
0.36088,17.106
0.36225,17.115
0.357,17.125
0.359,17.135
0.35925,17.144
0.36162,17.154
0.35587,17.163
0.36025,17.173
0.3615,17.183
0.36212,17.192
0.35637,17.202
0.35863,17.211
0.36062,17.221
0.36188,17.231
0.351,17.24
0.35975,17.25
0.35988,17.259
0.363,17.269
0.35087,17.278
0.35913,17.288
0.35938,17.298
0.35637,17.307
0.3605,17.317
0.35113,17.326
0.35713,17.336
0.3605,17.346
0.35863,17.355
0.35687,17.365
0.35763,17.374
0.35537,17.384
0.35925,17.394
0.35938,17.403
0.35625,17.413
0.36025,17.422
0.35825,17.432
0.35125,17.441
0.35275,17.451
0.35575,17.461
0.35287,17.47
0.35675,17.48
0.35513,17.489
0.35925,17.499
0.35737,17.509
0.35325,17.518
0.3575,17.528
0.3575,17.537
0.35663,17.547
0.3575,17.557
0.35525,17.566
0.355,17.576
0.357,17.585
0.35625,17.595
0.35725,17.604
0.35725,17.614
0.35563,17.624
0.35725,17.633
0.35537,17.643
0.34975,17.652
0.35475,17.662
0.35437,17.672
0.35387,17.681
0.35887,17.691
0.3555,17.7
0.3485,17.71
0.356,17.72
0.3565,17.729
0.35563,17.739
0.35787,17.748
0.35325,17.758
0.348,17.767
0.33313,17.777
0.35025,17.787
0.35463,17.796
0.35525,17.806
0.3555,17.815
0.35687,17.825
0.35125,17.835
0.35,17.844
0.35575,17.854
0.34887,17.863
0.35113,17.873
0.35313,17.883
0.3515,17.892
0.3395,17.902
0.34275,17.911
0.3505,17.921
0.3515,17.93
0.35275,17.94
0.35313,17.95
0.3495,17.959
0.35475,17.969
0.35413,17.978
0.35437,17.988
0.35213,17.998
0.3515,18.007
0.351,18.017
0.34963,18.026
0.35137,18.036
0.35263,18.046
0.35237,18.055
0.35163,18.065
0.35237,18.074
0.34587,18.084
0.35025,18.093
0.34737,18.103
0.34913,18.113
0.35325,18.122
0.35087,18.132
0.3505,18.141
0.3545,18.151
0.35263,18.161
0.345,18.17
0.34825,18.18
0.35537,18.189
0.3525,18.199
0.35187,18.209
0.35113,18.218
0.35413,18.228
0.3525,18.237
0.35263,18.247
0.34787,18.256
0.34763,18.266
0.35363,18.276
0.35363,18.285
0.35087,18.295
0.355,18.304
0.35337,18.314
0.35225,18.324
0.34863,18.333
0.3505,18.343
0.35263,18.352
0.34887,18.362
0.35325,18.372
0.35475,18.381
0.35363,18.391
0.35213,18.4
0.34813,18.41
0.34487,18.419
0.354,18.429
0.3475,18.439
0.35437,18.448
0.35137,18.458
0.3525,18.467
0.349,18.477
0.35037,18.487
0.35287,18.496
0.35025,18.506
0.35275,18.515
0.35337,18.525
0.35475,18.535
0.35263,18.544
0.34625,18.554
0.352,18.563
0.35087,18.573
0.3495,18.583
0.35475,18.592
0.3535,18.602
0.34787,18.611
0.35175,18.621
0.34863,18.63
0.34675,18.64
0.35375,18.65
0.35013,18.659
0.3515,18.669
0.34763,18.678
0.35213,18.688
0.34525,18.698
0.35487,18.707
0.35163,18.717
0.34975,18.726
0.339,18.736
0.35463,18.746
0.35137,18.755
0.3515,18.765
0.35413,18.774
0.356,18.784
0.35387,18.793
0.35675,18.803
0.35113,18.813
0.35187,18.822
0.354,18.832
0.35237,18.841
0.35063,18.851
0.35313,18.861
0.35225,18.87
0.356,18.88
0.35325,18.889
0.3555,18.899
0.3515,18.909
0.34875,18.918
0.35925,18.928
0.35237,18.937
0.35875,18.947
0.35825,18.956
0.35875,18.966
0.35813,18.976
0.35537,18.985
0.35137,18.995
0.35563,19.004
0.35875,19.014
0.3555,19.024
0.35687,19.033
0.3585,19.043
0.35225,19.052
0.3615,19.062
0.35537,19.072
0.35687,19.081
0.3595,19.091
0.35787,19.1
0.36138,19.11
0.35513,19.119
0.35387,19.129
0.35962,19.139
0.35837,19.148
0.36138,19.158
0.35737,19.167
0.36325,19.177
0.36088,19.187
0.36038,19.196
0.361,19.206
0.36062,19.215
0.36212,19.225
0.358,19.235
0.36162,19.244
0.36262,19.254
0.36488,19.263
0.36175,19.273
0.35763,19.282
0.36688,19.292
0.35337,19.302
0.35513,19.311
0.43212,19.321
0.46025,19.33
0.404,19.34
0.39663,19.35
0.67412,19.359
0.68563,19.369
0.431,19.378
0.42662,19.388
0.38925,19.398
0.39287,19.407
0.37612,19.417
0.378,19.426
0.37212,19.436
0.36938,19.445
0.368,19.455
0.37275,19.465
0.37225,19.474
0.37212,19.484
0.36012,19.493
0.36462,19.503
0.36375,19.513
0.36025,19.522
0.35925,19.532
0.35525,19.541
0.3585,19.551
0.35625,19.561
0.354,19.57
0.35625,19.58
0.35463,19.589
0.3525,19.599
0.352,19.608
0.35013,19.618
0.34963,19.628
0.34925,19.637
0.34913,19.647
0.34813,19.656
0.34913,19.666
0.34863,19.676
0.34663,19.685
0.343,19.695
0.33825,19.704
0.34663,19.714
0.34137,19.724
0.34037,19.733
0.33725,19.743
0.33937,19.752
0.34263,19.762
0.34425,19.771
0.3415,19.781
0.3415,19.791
0.33875,19.8
0.338,19.81
0.33875,19.819
0.3395,19.829
0.33487,19.839
0.34063,19.848
0.3375,19.858
0.33687,19.867
0.33237,19.877
0.33813,19.887
0.3335,19.896
0.33575,19.906
0.33387,19.915
0.3345,19.925
0.334,19.934
0.33575,19.944
0.33063,19.954
0.33187,19.963
0.33175,19.973
0.33675,19.982
0.33037,19.992
0.3355,20.002
0.32875,20.011
0.333,20.021
0.336,20.03
0.33263,20.04
0.33375,20.05
0.3345,20.059
0.33487,20.069
0.33237,20.078
0.3315,20.088
0.33213,20.097
0.33613,20.107
0.33187,20.117
0.33713,20.126
0.33637,20.136
0.33663,20.145
0.33687,20.155
0.33775,20.165
0.3335,20.174
0.33463,20.184
0.33713,20.193
0.33713,20.203
0.33763,20.213
0.33513,20.222
0.3395,20.232
0.32987,20.241
0.33537,20.251
0.33525,20.26
0.33887,20.27
0.3365,20.28
0.33737,20.289
0.335,20.299
0.33487,20.308
0.33987,20.318
0.33313,20.328
0.33413,20.337
0.33987,20.347
0.33675,20.356
0.3385,20.366
0.33475,20.376
0.34025,20.385
0.33325,20.395
0.33875,20.404
0.33875,20.414
0.33637,20.423
0.33163,20.433
0.33713,20.443
0.3365,20.452
0.33663,20.462
0.33825,20.471
0.3395,20.481
0.33087,20.491
0.3365,20.5
0.33787,20.51
0.33387,20.519
0.33825,20.529
0.33937,20.539
0.3315,20.548
0.3345,20.558
0.33663,20.567
0.3395,20.577
0.33737,20.586
0.33687,20.596
0.3365,20.606
0.33763,20.615
0.3395,20.625
0.3385,20.634
0.33513,20.644
0.33525,20.654
0.34113,20.663
0.33963,20.673
0.33313,20.682
0.33487,20.692
0.33263,20.702
0.34125,20.711
0.33513,20.721
0.34037,20.73
0.338,20.74
0.33575,20.75
0.33625,20.759
0.34037,20.769
0.33837,20.778
0.3405,20.788
0.34163,20.797
0.335,20.807
0.33737,20.817
0.33937,20.826
0.33787,20.836
0.34375,20.845
0.33713,20.855
0.33737,20.865
0.33525,20.874
0.33625,20.884
0.33925,20.893
0.34413,20.903
0.34337,20.913
0.3375,20.922
0.34225,20.932
0.33925,20.941
0.342,20.951
0.343,20.96
0.33487,20.97
0.34587,20.98
0.342,20.989
0.33763,20.999
0.33825,21.008
0.34125,21.018
0.34237,21.028
0.3405,21.037
0.34013,21.047
0.34337,21.056
0.34287,21.066
0.34163,21.076
0.34363,21.085
0.33863,21.095
0.34187,21.104
0.34237,21.114
0.34013,21.123
0.34337,21.133
0.34075,21.143
0.341,21.152
0.3405,21.162
0.3415,21.171
0.34387,21.181
0.341,21.191
0.33613,21.2
0.345,21.21
0.339,21.219
0.34713,21.229
0.33937,21.239
0.33925,21.248
0.3425,21.258
0.34325,21.267
0.339,21.277
0.3405,21.286
0.3425,21.296
0.34175,21.306
0.33963,21.315
0.3445,21.325
0.34037,21.334
0.34487,21.344
0.34375,21.354
0.34313,21.363
0.34025,21.373
0.34375,21.382
0.34375,21.392
0.3385,21.402
0.34513,21.411
0.33613,21.421
0.3365,21.43
0.34163,21.44
0.34163,21.449
0.34263,21.459
0.34363,21.469
0.34313,21.478
0.34213,21.488
0.34687,21.497
0.34525,21.507
0.34413,21.517
0.339,21.526
0.3425,21.536
0.33563,21.545
0.34763,21.555
0.34263,21.565
0.3445,21.574
0.34625,21.584
0.344,21.593
0.34787,21.603
0.3455,21.612
0.34637,21.622
0.3425,21.632
0.34013,21.641
0.34563,21.651
0.34125,21.66
0.34437,21.67
0.3455,21.68
0.34425,21.689
0.3445,21.699
0.3455,21.708
0.34325,21.718
0.34575,21.728
0.3405,21.737
0.3465,21.747
0.3365,21.756
0.34425,21.766
0.3425,21.775
0.3455,21.785
0.3445,21.795
0.34675,21.804
0.34337,21.814
0.3435,21.823
0.34113,21.833
0.34525,21.843
0.34637,21.852
0.346,21.862
0.33787,21.871
0.34575,21.881
0.33887,21.891
0.341,21.9
0.34375,21.91
0.34663,21.919
0.3455,21.929
0.34263,21.938
0.3415,21.948
0.34713,21.958
0.34387,21.967
0.34713,21.977
0.34537,21.986
0.345,21.996
0.34437,22.006
0.33925,22.015
0.337,22.025
0.34275,22.034
0.34187,22.044
0.34487,22.054
0.34087,22.063
0.347,22.073
0.3435,22.082
0.34687,22.092
0.33737,22.101
0.34413,22.111
0.34675,22.121
0.34513,22.13
0.34313,22.14
0.34525,22.149
0.34675,22.159
0.34663,22.169
0.34413,22.178
0.34487,22.188
0.34513,22.197
0.34313,22.207
0.34487,22.217
0.34675,22.226
0.34163,22.236
0.34437,22.245
0.33987,22.255
0.34675,22.264
0.3385,22.274
0.34613,22.284
0.34087,22.293
0.34637,22.303
0.34087,22.312
0.34,22.322
0.34475,22.332
0.34513,22.341
0.3465,22.351
0.34463,22.36
0.34425,22.37
0.33913,22.38
0.3445,22.389
0.34813,22.399
0.33487,22.408
0.34875,22.418
0.33987,22.427
0.34775,22.437
0.34687,22.447
0.34175,22.456
0.34875,22.466
0.346,22.475
0.34125,22.485
0.34437,22.495
0.34387,22.504
0.34913,22.514
0.34375,22.523
0.34463,22.533
0.33713,22.543
0.3475,22.552
0.34187,22.562
0.3445,22.571
0.344,22.581
0.34387,22.59
0.33675,22.6
0.34375,22.61
0.3425,22.619
0.34913,22.629
0.34075,22.638
0.34375,22.648
0.34463,22.658
0.34913,22.667
0.34287,22.677
0.34663,22.686
0.34025,22.696
0.34225,22.706
0.34513,22.715
0.34213,22.725
0.343,22.734
0.34963,22.744
0.35175,22.753
0.34037,22.763
0.35237,22.773
0.35,22.782
0.34675,22.792
0.34813,22.801
0.34775,22.811
0.34563,22.821
0.3435,22.83
0.3465,22.84
0.34287,22.849
0.35137,22.859
0.34,22.869
0.353,22.878
0.34325,22.888
0.34925,22.897
0.33987,22.907
0.35063,22.917
0.347,22.926
0.3515,22.936
0.345,22.945
0.3485,22.955
0.349,22.964
0.34737,22.974
0.34575,22.984
0.348,22.993
0.34313,23.003
0.34687,23.012
0.34313,23.022
0.35063,23.032
0.34075,23.041
0.345,23.051
0.34537,23.06
0.34763,23.07
0.34675,23.08
0.35113,23.089
0.34687,23.099
0.34787,23.108
0.34,23.118
0.35,23.127
0.34075,23.137
0.3525,23.147
0.34475,23.156
0.34813,23.166
0.33963,23.175
0.347,23.185
0.33937,23.195
0.35,23.204
0.34663,23.214
0.35163,23.223
0.346,23.233
0.348,23.243
0.34125,23.252
0.34987,23.262
0.34163,23.271
0.35325,23.281
0.342,23.29
0.35137,23.3
0.339,23.31
0.34825,23.319
0.34563,23.329
0.35337,23.338
0.3445,23.348
0.34813,23.358
0.34225,23.367
0.34787,23.377
0.34637,23.386
0.35163,23.396
0.3475,23.406
0.35087,23.415
0.343,23.425
0.34863,23.434
0.34463,23.444
0.348,23.453
0.34075,23.463
0.34837,23.473
0.35213,23.482
0.34987,23.492
0.34337,23.501
0.34937,23.511
0.34763,23.521
0.34963,23.53
0.34,23.54
0.34575,23.549
0.34337,23.559
0.34887,23.569
0.34275,23.578
0.35187,23.588
0.34663,23.597
0.35063,23.607
0.34113,23.616
0.351,23.626
0.34325,23.636
0.3495,23.645
0.34113,23.655
0.34587,23.664
0.34025,23.674
0.34525,23.684
0.3485,23.693
0.35313,23.703
0.34725,23.712
0.34725,23.722
0.34213,23.732
0.35075,23.741
0.3465,23.751
0.3525,23.76
0.352,23.77
0.3415,23.779
0.34787,23.789
0.35137,23.799
0.34213,23.808
0.35037,23.818
0.34237,23.827
0.35413,23.837
0.34313,23.847
0.35175,23.856
0.34125,23.866
0.351,23.875
0.34413,23.885
0.35075,23.895
0.35187,23.904
0.34863,23.914
0.33963,23.923
0.35287,23.933
0.34063,23.942
0.34887,23.952
0.34463,23.962
0.34925,23.971
0.342,23.981
0.34813,23.99
